id,crossing_events
021d406952108c8a92e690a3,[]
02ce0aa8b4d2517a3ce77cfe,[]
02d390d1ecd83a799a2419ab,[]
02fd1a01cc1237b3952e1b7a,[]
03691e4360ef9bbecd2b57d7,[]
03a04e622fcc148c678b1f0d,[]
03ac089c4f2a1e792fb64ef8,[]
046a97409b084adc6f475ae4,[]
054d4c701e31613ff74e76f7,[]
0556d6afef01312613353175,[]
061e433fe3f9d8c5e01f8e40,[]
0685b02ad38bfc0df33a7f4a,[]
070a0a8c4e839607b2686cb6,[]
075c401bb5695bd27c342254,[]
07642facda57fa919ca647d6,[]
07b95692930c6ac68790faec,[]
083388627a5c697b1d372e20,[]
08717cecac55ff90b5cc3d61,[]
08eb58aebc424256cf69ae5e,[]
0934d45b02d8ed22395e89a0,[]
09a0cd6348e9b622aa0de988,[]
09f290e3d50a635a26d77fda,[]
0b073f996ff814d6b1206aa6,[]
0c4d379bfb97ad4cc8f6ba63,[]
0dc4a3eac7e2c25318c9cfe9,[]
0e8083095818b17cd80b328b,[]
0f203b1158034127f6718ab3,[]
10958342480a5ad3f3c1347d,[]
10984eeb3d712cbcf7c7828a,[]
1158b6d0f56dae9710c747d5,[]
11a78b3e28fdd6ab9165ae7d,[]
12eac7e475d202df7949ddeb,[]
14289d5db194d45caafd40f4,[]
1445bc7e759c28d07fd4f3ff,[]
14bfc28bb76dc78475af1ee9,[]
157b6312742d8f4692644e9a,[]
15b517746a94547cf7b1401b,[]
16aa9b7aada2a004aa28baf8,[]
17032f36facd5e360d1ef131,[]
18210d2ed59334a0d3aad306,[]
196b95778a7e741d6ebf318f,[]
19b1d885e626b069b3c3bec2,[]
19dbf3fc099eba2f586139f5,[]
1a9a8d5049bfa9651c5e40c1,[]
1b07431cc62f857d535a4c43,[]
1b2f568ba3aa1789f11048a6,[]
1b6c82806a5f271229ba537a,[]
1bd9625d906c8570932b8062,[]
1d3e916200a5cb1a03b13412,[]
1d5264ce7c464447078f5923,[]
1d9da264f31a7d1bdc7d35be,[]
1e7b664d05b307d4b4d6e366,[]
1fd455dd0dfa765d534fe49a,[]
2045b03f52b32973d3ff99ff,[]
229ec6ce6ae0ce40b197e996,[]
23c8574cc5eca3b17255da42,[]
242b92d534ee3dd91a6ad43f,[]
244b2d98e552f800a4aebb80,[]
246b7b3534ca603807b2064d,[]
25ae750b2a2fc10a87da9881,[]
263ed9eab55b5a700082ae96,[]
266fbae1e1f2ef23025c1544,[]
269c859bcc5efcb251d7d1ec,[]
27e0592d6ab11d956a34734e,[]
27e828b701fa72ff53a25072,[]
28e31e8b9ff47264f38988dc,[]
29bcd875c0371bbc73c6bbf6,[]
2a523a90e178461ddf837c50,[]
2a8b6bc649bbf2640d9ad261,[]
2bc3eeeda647143dc1ceec38,[]
2e65e7459ef41897961bd279,[]
2ea04f52a3a18dd0b9a9d2a3,[]
2ef2e6ae24eca4b540fa5ed5,[]
2fe3268c89f35fe03ccf2c53,[]
30023a34ddb30be684fc81bc,[]
30171929917af9edd8c1d497,[]
30cb9d32ac5a7460fbc72c09,[]
30e5a39ab2ed4d4b4e3b307f,[]
35a0e1c6957f05c762a0ec9d,[]
36a26e7aa6229b701991de0f,[]
376e95ef360070280eec3d4f,[]
394275403f2bab725da9ea42,[]
39c70f3db783b414b155ea94,[]
39db18a3da5b49b2e08737ff,[]
3b1ea565e3f943115e159f1c,[]
3b2dc9ada0b888f68580489c,[]
3b658d2a0ab90d3bce90ffc8,[]
3c26a314572c49e9051bf3fb,[]
3e41c6a9fd3bf7420ffe1cd1,[]
3e4842f9f5bd82799853f138,[]
3f90ff1cfcf296fb53ac0e01,[]
4111044e2ba01b007e333f94,[]
427734335b80d1aba026fc5d,[]
42d63ae6f71ad05d5846e812,[]
43803f71f444cfa3ebd1c747,[]
44b123066a64e251e23c2a3b,[]
44dca401f9ffb08e8a6957c4,[]
46455d2adb0af0b4df47285b,[]
467d2593dce31f72ead1fab6,[]
469b5a408aa7c6ca11dced20,[]
46c0507760b46dc0be41fff3,[]
4917e289e919031414662ce8,[]
49a42b0fa7f07cc08c596b8a,[]
4a12aab08cd40b4d050aa1ca,[]
4a13e86cb693b57d3ab23254,[]
4acc4d6dbd7ba5f920a0cef5,[]
4d0b8a9ff13664d27c8538f9,[]
4d6df74da05f5c8c63f98f9f,[]
4ec09a75f5a8160ad606974e,[]
4f27e110fd43b24d966846ac,[]
510cc12cbe8623b849f5f82d,[]
511aa16b4c4abb8b154629e6,[]
5145d1aa0ec167be621f73bd,[]
518bb34cb91f290523ef3d88,[]
518e3f3c1df29e2ddc855b50,[]
51bfd1658e4af84960783f7d,[]
5216f927d214a7a0b20393a2,[]
522da1961bbff6bbda719fe2,[]
53d3ebff24e22726ba938fbb,[]
54b0106f060a2a64879335fb,[]
54dd150b22b8d0b76586bc25,[]
56b6986a64f1a753df28c99f,[]
58103f6164df57e059cfb4a1,[]
58ab2d43343b17dc0b710138,[]
59c4f435197b2dba7acfeeeb,[]
5a0c721ed93a876b6ed51fc5,[]
5a83e76245fcb57fbc94d44c,[]
5b1e8cf29daf4971fd67ccd8,[]
5c150d0d255ae2b572b504db,[]
5c1a011cb4796b6ed2b76fe6,[]
5c2d16be7f76718a455d783d,[]
5e1332aac34459d44feaf2e8,[]
5eb89a3ac4f1ef729ad4a5dd,[]
5f00f3b6fd71d7b4f1698c15,[]
6062878869d1c687cc868431,[]
608e397edc1f06e73d508569,[]
609b66012973700c15a2c883,[]
60eedee41f801bb8270be410,[]
6133d2d7e6601a0bd082e009,[]
617df1c529fec9a90887af2f,[]
61b6ea0539eec0e5f998c89c,[]
62ddc307849676c0c419962e,[]
63b4d4385931d4acca15fd4f,[]
63f46ba839a196d22712ff1f,[]
64f7b35725c5dc4a437b7944,[]
665d893e0ef6238d3bd743e8,[]
674a4c79d3c9d8c56f862cce,[]
679281d5e2f51c7cf8a424bd,[]
67af5f605ec2be8721924269,[]
6884b7c3f5e9de2821d18038,[]
68f9d182ccf0360baf35f977,[]
6a96b448b87fab1df041052f,[]
6a984b94d9b1eeef280970a7,[]
6ad914fe0725a40d04876f02,[]
6b1d2e3380f474cc576ecb57,[]
6d6d0e3dfd077b915fff98ff,[]
6d7bf20c6adcb2f71c8c2c07,[]
6d8dec2f1d9e604d77979bbf,[]
6dcedd2607ee2aa94a490fdf,[]
6e6148a5720abdb2433a0ebc,[]
6f6f83a804a1c69a913a605a,[]
6f7a5c2c266d6204dd50ee49,[]
6fef3aa194f5c7bc2cc1bdaa,[]
70292c801849d7aaeeb853a4,[]
703c10f22d930137daa118e6,[]
70fba9ba53a6506d2a268f85,[]
713232af543104191c902be8,[]
7161046779e88ccfbffe362c,[]
71ee1ade85017e4456466c37,[]
723f38ce2ff49da509c1b8c1,[]
73652aba406f364eeed604f9,[]
76149b6b601d815771bcbd95,[]
7817c7e2277918d0407ed65f,[]
78c776ea3565745c87eb9f87,[]
79b36f15e22ee638bd2bc532,[]
79ba0c2e6799a774f086f0d5,[]
7a2c3281adbd19ff56c792e1,[]
7a441b86ac82875b723762d2,[]
7ade9ea314db96c507a91395,[]
7d375c7b05e06f5201e8c4b7,[]
7e851a67009568734e18b2d2,[]
7ef4d62bc07823f7cd95f146,[]
7efe381e4eb087e5f6f5f72f,[]
821e84bbbf700f554804ddd8,[]
82ead5315db793c7340b8033,[]
83bcc7cf10ff2d6cb9210996,[]
84f073b4ae95262a4c5da315,[]
88737b90eb0311e66a740b14,[]
89d86dc2f475a7ddb75c9538,[]
8a3ede7e020fa79551985a30,[]
8a4cb520ff01f8c5622f4f50,[]
8b1b9463524c62762ad202ab,[]
8b3e58ef7de49bd436e1f5c4,[]
8b9a8823b905ef23b4877f94,[]
8c66b0676aa0d8395039c8a2,[]
8ccd7da0b9c93169462f630a,[]
8d62d0206c0dd876d43e0113,[]
8dee51bcd63392d728bab34a,[]
8e4307427a036575fae1e3ae,[]
8f931b94ed5e91f85251024d,[]
90dcb3eca8436d50c6ed51b7,[]
91fe6406609b1c03c2326893,[]
937103d4796457e0c0a85bcd,[]
93a44a958834d59f5a470d8d,[]
95cb00ef285c8bf1466728c1,[]
963e283d8f2fcc46023e66b5,[]
96da46469d35dc9a2a4dfc03,[]
974cb15cc9df0dc3051928be,[]
9769c65d7f494a2dd7cd3669,[]
97d5476a1259be4ca7be1b4f,[]
97e2bbef5f6a0cf7b4b01f45,[]
98a4a6ef3205bcfe123cadc9,[]
9ac8f376fd9f8d20e3d2bc1e,[]
9af6f3ec4075d6e460dd5973,[]
9bf81488586a49402c52a81f,[]
9c302cb49f5732d66a5f53af,[]
9c9a1911836d2237b1de158b,[]
9ce7367da9e1044f450a4af4,[]
9d35f476457eb6c9bb3612cd,[]
9e09e55989b7a32c75661aae,[]
9e479add5d7aafd21ba1d15b,[]
9e9abe5cffb7ce01f2cbb378,[]
9f332f2d582265dbe6b431e9,[]
a041bc546a7c0112c69e5c2d,[]
a0adb60d1349ef2fede5413c,[]
a0e9fa1d5e70365e864c3c60,[]
a1369ab911a473d060123e6c,[]
a1445a160a25d0bfa167ca82,[]
a271f13bbef7516743df8a44,[]
a279b36c49fce3d80c5b45bc,[]
a2b7ead9f9f0c01a3c1e8334,[]
a359de316a844cb74afaa653,[]
a3b5336716978999b4aad0f6,[]
a4bc58b75bc14a072e302ed7,[]
a6391f89cc1612b765860e8d,[]
a65cec35e36577c527e1f14e,[]
a6a515e30ef93e8e59aded29,[]
a70136ff0c832d6a266b88b9,[]
a7095cf6118bfd178ffdb4d6,[]
a72c0053cb5387ffb435f466,[]
a759989cf068bae0973ab6ce,[]
a7d55ffca7ae95ac67e495fc,[]
a9a76f32e71fa858de1ca096,[]
a9ce002c46fd1d925d45533e,[]
abfb7be7692b5587d65d6534,[]
ac142f96a3f46579e52c7936,[]
af4b1828ddbf6ce7ee642700,[]
b17a8904c060c809d34360fd,[]
b1d083b6bc8842c8c2d570d7,[]
b1ed738b2cd22d8a7ce50c1d,[]
b2a8bf0bd2c2a1d7f2e02da5,[]
b4255dabd892c586f020ec3f,[]
b4484622f18236d7085c67ac,[]
b5c086929f92033285f6da3b,[]
b705d57c54ab365304cc7f13,[]
b8273d4ee3a22922be755e10,[]
b99cc0f7fd8c50cb103bf56d,[]
ba772b966d818b680cf8b960,[]
bb95d6705e90c867087b8b81,[]
bc626fd3f9ffdb5395dd36b6,[]
bccf93b228ac3d97d3eba058,[]
be20fc01adebcd27501d0128,[]
be3e28e382f9db84dcb9153a,[]
bf2a25be370c1d6adc666c86,[]
c186dee2f32ebd69111a0b8f,[]
c1c67f6b9ac501b63a54b60b,[]
c3f3359ff7551d28788acf1b,[]
c4d1e88fed83e4a4c94314a7,[]
c5bd13ad9d0d9b96f85c6765,[]
c5de6be832d187bc5a936af2,[]
c5e93a1506738ab3597c15b1,[]
c6eb0a1051cc8ce24a32ca00,[]
c70b7e4c1a8e542c8414bd9b,[]
c8ae4573825a4548eed5bd8f,[]
cc264b6b503710766c999428,[]
cc558e1091eef834d2407184,[]
ccf99a8335c83e0b80fa7f46,[]
cd26e6988c562f1a20c5c289,[]
cdaa5ce08748f8ecbfb66d01,[]
cdc6cccee2cfa99dbcfbbd8a,[]
ce247a6e8e0a630029242309,[]
ce4ac7b01556cf27a1f6c513,[]
cf2c5650675311b049291773,[]
cf7860ea4d22b3d1fe4b681f,[]
cfbc737463d4c26095707ec1,[]
d1fcf77c7a87c45ee998595d,[]
d26cb66737461a58be69ca41,[]
d317e15a03d95724c8a6dfb0,[]
d4d02a1ad14e6bd5a2204751,[]
d612c05190dfe3de6129c50a,[]
d6ddd58cbbbbd0bf69e43b75,[]
d7b745403e6317da9e350f61,[]
d892c1ddefe083823e1fc27e,[]
dac07fc0fd1ed4ae782cb8f9,[]
daf8394aff0c2ab5aacd1e2f,[]
db525b212401c54abe6eb524,[]
dd2c83d619a5f67ce0ba9c12,[]
dd6b2cf7bc074540c19e92d3,[]
dd6d6ebd1e86b67f3019b74b,[]
dd9c3de5a13876986c241242,[]
deea3a83f96ad17eb36c9e7d,[]
dfe103820040c7ee6985286c,[]
e1052ea58d27d6ee075737e2,[]
e22db770f7c9b9ebec6fd686,[]
e296d5f3b36320f7457f09fc,[]
e43aae8a37bdcbc59eca2e7e,[]
e599f9566e6a7ea307bf20b7,[]
e5a5bfa4f1b54239428f84d4,[]
e6e004db97880d1b92bff088,[]
e6e27ee8755e7abfc74cb7d2,[]
e85e6c0b69995c9c2e51d50e,[]
e8c5cec1cb638a21e6ee9f87,[]
e8d4c93274d60fa41712f461,[]
ea1d56d05f1e25fc33f5e50a,[]
eaa4945a18faa7a078ea33b7,[]
eb40b666e9c210f93ee40adc,[]
ebab5d3ee028bf54bad6e5a7,[]
ebea92e3a7cf2499258073b3,[]
ecd89dd44f7546d93161eea7,[]
ed72461caad719ba3a621456,[]
efd353bcef879c790b8729cd,[]
f053ab3efa79e54528b7df92,[]
f0f115e6024732a0f1566dec,[]
f20eec9032515881c035d04e,[]
f32056a06731fd91d12c25ea,[]
f35501b3108ecbe7f6af0549,[]
f3ecda0ba4b176bbcf5ab2fa,[]
f5d204d5bbe63a18d8273b2c,[]
f69f893a0d6e8320caf4b205,[]
f6eb151121d8a356d7b269d6,[]
f71bb5d286b3a9fff0c1771f,[]
f773ad46cc33dbdfb01064ce,[]
f7bede296bd7719bbd89b272,[]
f8db8bd8b6576d1a27899e6d,[]
f8e1fab838696c9da604f495,[]
fadceac7114badaca22bbe69,[]
fbf0844f08f0f8d70d1cf148,[]
fcadc1bfecc3cf88fe8d3086,[]
fd91493796aa0afc6a4344fe,[]
fe3d24a1c2324be90f09b011,[]
fe9464d4a28f007acee4e645,[]
